Model,Accuracy,Precision,Recall,F1-Score
Pretrained Word2Vec,0.8529,0.8538278460928204,0.8543361778130582,0.8540819363158417
Custom Skip-gram,0.885,0.8830017727004136,0.8896606469537607,0.8863187030446816
Custom CBOW,0.8714,0.8671492858540403,0.8795395911887279,0.8733004926108374
Custom FastText,0.8575,0.8540360501567398,0.8650525897995635,0.8595090209997043
